{"cameraMode":{"drawMode":0,"name":"Shaded","section":"Shading Mode"},"sceneLighting":false,"audioPlay":false,"sceneViewState":{"m_AlwaysRefresh":false,"showFog":true,"showSkybox":false,"showFlares":true,"showImageEffects":true,"showParticleSystems":true,"showVisualEffectGraphs":true,"m_FxEnabled":true},"in2DMode":false,"pivot":{"x":-110.71488189697266,"y":0.6458031535148621,"z":90.14583587646485},"rotation":{"x":0.05815299227833748,"y":-0.01974157989025116,"z":-0.0010305203031748534,"w":-0.9981920123100281},"size":3.4665539264678957,"orthographic":false}