{"cameraMode":{"drawMode":0,"name":"Shaded","section":"Shading Mode"},"sceneLighting":false,"audioPlay":false,"sceneViewState":{"m_AlwaysRefresh":false,"showFog":true,"showSkybox":false,"showFlares":true,"showImageEffects":true,"showParticleSystems":true,"showVisualEffectGraphs":true,"m_FxEnabled":true},"in2DMode":false,"pivot":{"x":-104.93445587158203,"y":-0.40215086936950686,"z":94.30366516113281},"rotation":{"x":-0.007824410684406758,"y":0.9900091886520386,"z":-0.058258987963199618,"w":-0.12898275256156922},"size":7.150439739227295,"orthographic":false}